{
  "project_info": {
    "project_number": "748244470949",
    "firebase_url": "https://fieldwork-88d39.firebaseio.com",
    "project_id": "fieldwork-88d39",
    "storage_bucket": "fieldwork-88d39.appspot.com"
  },
  "client": [
    {
      "client_info": {
        "mobilesdk_app_id": "1:748244470949:android:124cb34460f2c4bf",
        "android_client_info": {
          "package_name": "org.wit.fieldwork"
        }
      },
      "oauth_client": [
        {
          "client_id": "748244470949-t6gjf4ccbgcv5j6uc5irtuvi9joggnfd.apps.googleusercontent.com",
          "client_type": 1,
          "android_info": {
            "package_name": "org.wit.fieldwork",
            "certificate_hash": "b71a7925a1fbf64bafbc0eb5524544aa8c3edab0"
          }
        },
        {
          "client_id": "748244470949-c3849fbianhikprp42vnsc49hb4diqvi.apps.googleusercontent.com",
          "client_type": 3
        }
      ],
      "api_key": [
        {
          "current_key": "AIzaSyADN4Qh1RjJL3Hh9DUHf-Rf_d1nYtJJx6g"
        }
      ],
      "services": {
        "analytics_service": {
          "status": 1
        },
        "appinvite_service": {
          "status": 2,
          "other_platform_oauth_client": [
            {
              "client_id": "748244470949-c3849fbianhikprp42vnsc49hb4diqvi.apps.googleusercontent.com",
              "client_type": 3
            }
          ]
        },
        "ads_service": {
          "status": 2
        }
      }
    }
  ],
  "configuration_version": "1"
}